timestamp,precio,tipo
2024-01-02 01:00:00,120.07,MAX
2024-01-02 21:00:00,108.17,MIN
2024-01-03 10:00:00,113.21,MAX
2024-01-03 12:00:00,88.87,MIN
2024-01-05 00:00:00,108.61,MAX
2024-01-05 17:00:00,98.98,MIN
2024-01-06 00:00:00,103.29,MAX
2024-01-06 07:00:00,96.83,MIN
2024-01-06 18:00:00,100.87,MAX
2024-01-08 03:00:00,88.33,MIN
2024-01-08 19:00:00,100.34,MAX
2024-01-09 12:00:00,91.82,MIN
2024-01-10 10:00:00,103.83,MAX
2024-01-10 12:00:00,97.6,MIN
2024-01-11 13:00:00,118.1,MAX
2024-01-11 16:00:00,106.47,MIN
2024-01-12 12:00:00,113.91,MAX
2024-01-12 22:00:00,99.21,MIN
2024-01-13 18:00:00,107.69,MAX
2024-01-14 23:00:00,99.05,MIN
2024-01-16 03:00:00,114.94,MAX
2024-01-19 03:00:00,94.52,MIN
2024-01-19 10:00:00,97.85,MAX
2024-01-19 16:00:00,91.32,MIN
2024-01-20 07:00:00,98.56,MAX
2024-01-20 16:00:00,95.94,MIN
2024-01-21 13:00:00,98.58,MAX
2024-01-22 19:00:00,90.21,MIN
2024-01-22 20:00:00,93.64,MAX
2024-01-23 14:00:00,84.22,MIN
2024-01-24 10:00:00,90.71,MAX
2024-01-25 17:00:00,86.83,MIN
2024-01-26 02:00:00,89.24,MAX
2024-01-26 08:00:00,87.44,MIN
2024-01-27 01:00:00,92.09,MAX
2024-01-27 07:00:00,90.23,MIN
2024-01-28 05:00:00,93.45,MAX
2024-01-28 19:00:00,89.96,MIN
2024-01-29 03:00:00,92.83,MAX
2024-01-29 14:00:00,90.2,MIN
2024-01-30 01:00:00,94.15,MAX
2024-01-30 06:00:00,92.14,MIN
2024-01-30 20:00:00,95.35,MAX
2024-01-31 15:00:00,85.17,MIN
2024-01-31 19:00:00,87.96,MAX
2024-02-02 02:00:00,82.25,MIN
2024-02-02 15:00:00,86.5,MAX
2024-02-03 07:00:00,84.81,MIN
2024-02-03 20:00:00,86.82,MAX
2024-02-05 01:00:00,81.36,MIN
2024-02-05 14:00:00,85.93,MAX
2024-02-05 22:00:00,83.01,MIN
2024-02-06 03:00:00,85.26,MAX
2024-02-06 12:00:00,82.46,MIN
2024-02-06 21:00:00,85.37,MAX
2024-02-07 15:00:00,82.22,MIN
2024-02-09 13:00:00,89.88,MAX
2024-02-09 16:00:00,85.71,MIN
2024-02-10 04:00:00,89.0,MAX
2024-02-10 10:00:00,86.03,MIN
2024-02-11 04:00:00,89.88,MAX
2024-02-12 11:00:00,85.02,MIN
2024-02-13 00:00:00,91.44,MAX
2024-02-13 13:00:00,87.8,MIN
2024-02-14 09:00:00,92.83,MAX
2024-02-14 17:00:00,90.0,MIN
2024-02-15 00:00:00,92.27,MAX
2024-02-15 05:00:00,90.05,MIN
2024-02-15 10:00:00,93.71,MAX
2024-02-15 21:00:00,90.72,MIN
2024-02-16 06:00:00,95.08,MAX
2024-02-16 09:00:00,91.99,MIN
2024-02-16 13:00:00,94.64,MAX
2024-02-16 15:00:00,90.2,MIN
2024-02-17 00:00:00,94.91,MAX
2024-02-17 14:00:00,91.1,MIN
2024-02-19 22:00:00,98.13,MAX
2024-02-20 15:00:00,90.0,MIN
2024-02-20 23:00:00,94.7,MAX
2024-02-21 18:00:00,88.02,MIN
2024-02-22 10:00:00,93.94,MAX
2024-02-22 13:00:00,90.61,MIN
2024-02-22 20:00:00,94.0,MAX
2024-02-23 12:00:00,89.51,MIN
2024-02-23 15:00:00,102.0,MAX
2024-02-23 16:00:00,93.4,MIN
2024-02-24 10:00:00,104.14,MAX
2024-02-24 16:00:00,97.37,MIN
2024-02-24 23:00:00,102.0,MAX
2024-02-25 03:00:00,97.49,MIN
2024-02-26 04:00:00,102.79,MAX
2024-02-26 09:00:00,97.94,MIN
2024-02-27 03:00:00,104.52,MAX
2024-02-27 07:00:00,101.06,MIN
2024-02-27 12:00:00,106.11,MAX
2024-02-27 16:00:00,101.68,MIN
2024-02-28 09:00:00,108.23,MAX
2024-02-28 17:00:00,96.0,MIN
2024-02-29 13:00:00,115.05,MAX
2024-02-29 22:00:00,103.11,MIN
2024-03-03 00:00:00,119.29,MAX
2024-03-03 07:00:00,104.0,MIN
2024-03-03 12:00:00,114.66,MAX
2024-03-04 07:00:00,105.06,MIN
2024-03-05 04:00:00,119.98,MAX
2024-03-05 05:00:00,112.57,MIN
2024-03-05 10:00:00,119.16,MAX
2024-03-05 19:00:00,88.47,MIN
2024-03-08 00:00:00,137.3,MAX
2024-03-08 06:00:00,127.79,MIN
2024-03-08 13:00:00,138.29,MAX
2024-03-08 15:00:00,126.7,MIN
2024-03-08 16:00:00,133.8,MAX
2024-03-09 10:00:00,128.73,MIN
2024-03-09 13:00:00,135.34,MAX
2024-03-10 06:00:00,129.77,MIN
2024-03-10 08:00:00,133.8,MAX
2024-03-11 00:00:00,120.0,MIN
2024-03-12 00:00:00,138.95,MAX
2024-03-12 17:00:00,123.08,MIN
2024-03-13 12:00:00,154.05,MAX
2024-03-14 19:00:00,132.02,MIN
2024-03-15 00:00:00,141.78,MAX
2024-03-15 09:00:00,122.0,MIN
2024-03-15 19:00:00,132.48,MAX
2024-03-17 07:00:00,113.34,MIN
2024-03-17 22:00:00,129.67,MAX
2024-03-18 01:00:00,123.0,MIN
2024-03-18 05:00:00,129.58,MAX
2024-03-19 09:00:00,108.0,MIN
2024-03-19 19:00:00,117.12,MAX
2024-03-20 05:00:00,105.0,MIN
2024-03-20 12:00:00,115.1,MAX
2024-03-20 16:00:00,107.46,MIN
2024-03-21 17:00:00,124.97,MAX
2024-03-21 18:00:00,118.01,MIN
2024-03-22 06:00:00,125.24,MAX
2024-03-22 14:00:00,114.59,MIN
2024-03-23 15:00:00,124.78,MAX
2024-03-24 04:00:00,120.37,MIN
2024-03-24 10:00:00,125.44,MAX
2024-03-24 17:00:00,120.07,MIN
2024-03-26 07:00:00,131.89,MAX
2024-03-26 14:00:00,125.53,MIN
2024-03-27 01:00:00,132.35,MAX
2024-03-27 09:00:00,126.59,MIN
2024-03-27 13:00:00,131.81,MAX
2024-03-28 03:00:00,122.61,MIN
2024-03-29 04:00:00,129.89,MAX
2024-03-29 07:00:00,124.56,MIN
2024-03-29 15:00:00,130.63,MAX
2024-03-29 21:00:00,125.76,MIN
2024-03-30 05:00:00,129.24,MAX
2024-03-30 23:00:00,123.3,MIN
2024-04-01 03:00:00,129.99,MAX
2024-04-01 05:00:00,121.88,MIN
2024-04-01 13:00:00,131.85,MAX
2024-04-01 18:00:00,121.12,MIN
2024-04-01 23:00:00,131.03,MAX
2024-04-03 00:00:00,111.48,MIN
2024-04-03 09:00:00,119.1,MAX
2024-04-04 04:00:00,112.14,MIN
2024-04-04 18:00:00,119.74,MAX
2024-04-05 12:00:00,109.45,MIN
2024-04-06 09:00:00,116.62,MAX
2024-04-06 13:00:00,114.61,MIN
2024-04-06 17:00:00,121.57,MAX
2024-04-06 20:00:00,116.4,MIN
2024-04-09 00:00:00,130.12,MAX
2024-04-09 08:00:00,126.1,MIN
2024-04-09 13:00:00,134.08,MAX
2024-04-10 03:00:00,122.14,MIN
2024-04-10 11:00:00,129.6,MAX
2024-04-10 19:00:00,122.33,MIN
2024-04-11 01:00:00,132.94,MAX
2024-04-11 16:00:00,115.52,MIN
2024-04-12 04:00:00,120.15,MAX
2024-04-12 18:00:00,86.53,MIN
2024-04-12 23:00:00,100.9,MAX
2024-04-13 20:00:00,67.07,MIN
2024-04-14 08:00:00,87.31,MAX
2024-04-14 17:00:00,79.92,MIN
2024-04-15 07:00:00,91.55,MAX
2024-04-16 04:00:00,80.78,MIN
2024-04-16 23:00:00,89.35,MAX
2024-04-17 16:00:00,80.99,MIN
2024-04-17 18:00:00,86.21,MAX
2024-04-18 08:00:00,82.22,MIN
2024-04-18 15:00:00,86.67,MAX
2024-04-19 02:00:00,78.57,MIN
2024-04-19 06:00:00,88.87,MAX
2024-04-19 23:00:00,84.09,MIN
2024-04-21 03:00:00,93.2,MAX
2024-04-21 16:00:00,89.01,MIN
2024-04-23 01:00:00,97.4,MAX
2024-04-23 11:00:00,93.55,MIN
2024-04-23 15:00:00,96.6,MAX
2024-04-24 00:00:00,93.88,MIN
2024-04-24 07:00:00,97.1,MAX
2024-04-25 10:00:00,87.9,MIN
2024-04-25 23:00:00,91.9,MAX
2024-04-26 13:00:00,88.06,MIN
2024-04-26 14:00:00,91.6,MAX
2024-04-27 01:00:00,86.0,MIN
2024-04-28 07:00:00,93.23,MAX
2024-04-28 11:00:00,90.64,MIN
2024-04-28 18:00:00,92.55,MAX
2024-04-29 13:00:00,86.64,MIN
2024-04-30 00:00:00,90.35,MAX
2024-04-30 19:00:00,80.66,MIN
2024-05-01 05:00:00,83.78,MAX
2024-05-01 08:00:00,78.45,MIN
2024-05-03 02:00:00,86.42,MAX
2024-05-03 10:00:00,83.52,MIN
2024-05-04 01:00:00,89.55,MAX
2024-05-04 08:00:00,87.62,MIN
2024-05-04 11:00:00,89.92,MAX
2024-05-05 01:00:00,87.26,MIN
2024-05-06 01:00:00,90.57,MAX
2024-05-06 04:00:00,88.81,MIN
2024-05-06 08:00:00,92.82,MAX
2024-05-07 03:00:00,86.02,MIN
2024-05-07 19:00:00,91.41,MAX
2024-05-08 09:00:00,85.67,MIN
2024-05-08 18:00:00,88.69,MAX
2024-05-08 22:00:00,85.45,MIN
2024-05-09 04:00:00,87.96,MAX
2024-05-09 11:00:00,84.93,MIN
2024-05-10 07:00:00,90.7,MAX
2024-05-11 11:00:00,82.46,MIN
2024-05-11 15:00:00,84.27,MAX
2024-05-11 23:00:00,82.01,MIN
2024-05-12 16:00:00,84.31,MAX
2024-05-12 21:00:00,82.32,MIN
2024-05-13 00:00:00,83.67,MAX
2024-05-13 03:00:00,80.09,MIN
2024-05-13 09:00:00,85.93,MAX
2024-05-14 06:00:00,80.0,MIN
2024-05-14 12:00:00,82.38,MAX
2024-05-15 00:00:00,79.86,MIN
2024-05-16 04:00:00,86.82,MAX
2024-05-16 14:00:00,83.87,MIN
2024-05-18 10:00:00,90.02,MAX
2024-05-20 01:00:00,84.08,MIN
2024-05-20 05:00:00,87.58,MAX
2024-05-20 06:00:00,84.89,MIN
2024-05-21 00:00:00,100.04,MAX
2024-05-22 12:00:00,92.95,MIN
2024-05-23 12:00:00,99.96,MAX
2024-05-23 20:00:00,91.13,MIN
2024-05-24 04:00:00,105.03,MAX
2024-05-24 08:00:00,95.09,MIN
2024-05-25 11:00:00,108.57,MAX
2024-05-26 02:00:00,103.63,MIN
2024-05-26 11:00:00,110.39,MAX
2024-05-26 13:00:00,106.33,MIN
2024-05-27 02:00:00,114.73,MAX
2024-05-28 15:00:00,103.69,MIN
2024-05-29 06:00:00,107.58,MAX
2024-05-29 08:00:00,103.95,MIN
2024-05-29 11:00:00,107.78,MAX
2024-05-29 20:00:00,102.59,MIN
2024-05-30 02:00:00,105.85,MAX
2024-05-30 08:00:00,102.13,MIN
2024-05-30 17:00:00,107.41,MAX
2024-05-31 01:00:00,101.2,MIN
2024-05-31 12:00:00,104.81,MAX
2024-05-31 16:00:00,100.09,MIN
2024-06-01 13:00:00,105.5,MAX
2024-06-02 09:00:00,103.26,MIN
2024-06-02 12:00:00,105.39,MAX
2024-06-03 00:00:00,102.03,MIN
2024-06-03 06:00:00,105.62,MAX
2024-06-04 13:00:00,99.76,MIN
2024-06-05 01:00:00,104.52,MAX
2024-06-05 09:00:00,102.3,MIN
2024-06-05 18:00:00,105.59,MAX
2024-06-06 06:00:00,102.36,MIN
2024-06-06 15:00:00,104.19,MAX
2024-06-06 20:00:00,101.05,MIN
2024-06-07 07:00:00,103.99,MAX
2024-06-07 12:00:00,100.58,MIN
2024-06-07 15:00:00,104.97,MAX
2024-06-07 18:00:00,87.91,MIN
2024-06-07 22:00:00,98.88,MAX
2024-06-09 05:00:00,91.87,MIN
2024-06-09 18:00:00,94.21,MAX
2024-06-10 07:00:00,90.38,MIN
2024-06-10 15:00:00,93.93,MAX
2024-06-11 15:00:00,84.57,MIN
2024-06-12 13:00:00,93.7,MAX
2024-06-13 16:00:00,83.04,MIN
2024-06-14 06:00:00,86.18,MAX
2024-06-14 16:00:00,80.33,MIN
2024-06-15 15:00:00,87.12,MAX
2024-06-16 01:00:00,84.89,MIN
2024-06-16 02:00:00,86.82,MAX
2024-06-16 04:00:00,84.18,MIN
2024-06-17 00:00:00,87.94,MAX
2024-06-17 04:00:00,83.83,MIN
2024-06-17 05:00:00,87.82,MAX
2024-06-17 16:00:00,81.31,MIN
2024-06-17 19:00:00,86.99,MAX
2024-06-18 01:00:00,73.0,MIN
2024-06-20 11:00:00,90.1,MAX
2024-06-21 00:00:00,84.04,MIN
2024-06-21 07:00:00,86.68,MAX
2024-06-22 07:00:00,79.58,MIN
2024-06-23 12:00:00,82.81,MAX
2024-06-23 16:00:00,80.04,MIN
2024-06-23 19:00:00,82.74,MAX
2024-06-24 09:00:00,76.18,MIN
2024-06-24 17:00:00,90.49,MAX
2024-06-24 21:00:00,84.8,MIN
2024-06-25 14:00:00,95.3,MAX
2024-06-26 10:00:00,90.0,MIN
2024-06-26 23:00:00,95.62,MAX
2024-06-27 08:00:00,92.26,MIN
2024-06-27 12:00:00,96.48,MAX
2024-06-27 16:00:00,90.94,MIN
2024-06-28 13:00:00,96.95,MAX
2024-06-28 22:00:00,93.49,MIN
2024-06-29 07:00:00,96.95,MAX
2024-06-29 13:00:00,94.47,MIN
2024-06-29 23:00:00,97.45,MAX
2024-06-30 02:00:00,94.4,MIN
2024-06-30 10:00:00,98.12,MAX
2024-06-30 20:00:00,94.97,MIN
2024-07-01 10:00:00,99.94,MAX
2024-07-04 02:00:00,81.46,MIN
2024-07-04 04:00:00,85.87,MAX
2024-07-04 13:00:00,79.11,MIN
2024-07-04 16:00:00,82.78,MAX
2024-07-05 03:00:00,70.74,MIN
2024-07-06 00:00:00,81.23,MAX
2024-07-06 05:00:00,78.56,MIN
2024-07-06 23:00:00,83.57,MAX
2024-07-08 01:00:00,75.39,MIN
2024-07-08 09:00:00,84.15,MAX
2024-07-08 14:00:00,79.1,MIN
2024-07-11 14:00:00,95.9,MAX
2024-07-12 01:00:00,91.86,MIN
2024-07-13 07:00:00,98.78,MAX
2024-07-13 14:00:00,95.52,MIN
2024-07-15 08:00:00,106.62,MAX
2024-07-15 17:00:00,101.2,MIN
2024-07-15 22:00:00,105.76,MAX
2024-07-16 06:00:00,100.99,MIN
2024-07-16 11:00:00,106.75,MAX
2024-07-16 22:00:00,99.24,MIN
2024-07-17 02:00:00,103.6,MAX
2024-07-18 00:00:00,97.1,MIN
2024-07-18 13:00:00,100.42,MAX
2024-07-18 16:00:00,95.33,MIN
2024-07-19 06:00:00,99.41,MAX
2024-07-19 10:00:00,95.62,MIN
2024-07-19 19:00:00,101.29,MAX
2024-07-21 14:00:00,95.75,MIN
2024-07-21 16:00:00,98.27,MAX
2024-07-21 18:00:00,94.14,MIN
2024-07-21 23:00:00,100.15,MAX
2024-07-22 23:00:00,93.42,MIN
2024-07-23 01:00:00,96.21,MAX
2024-07-23 06:00:00,92.59,MIN
2024-07-23 09:00:00,96.25,MAX
2024-07-23 17:00:00,91.52,MIN
2024-07-24 14:00:00,94.4,MAX
2024-07-25 12:00:00,85.61,MIN
2024-07-25 18:00:00,97.16,MAX
2024-07-25 20:00:00,91.2,MIN
2024-07-26 06:00:00,103.18,MAX
2024-07-26 14:00:00,96.85,MIN
2024-07-27 21:00:00,102.92,MAX
2024-07-28 21:00:00,97.86,MIN
2024-07-29 10:00:00,103.85,MAX
2024-07-29 17:00:00,100.08,MIN
2024-07-30 11:00:00,106.66,MAX
2024-07-30 17:00:00,102.59,MIN
2024-07-31 18:00:00,112.32,MAX
2024-08-01 05:00:00,103.55,MIN
2024-08-01 12:00:00,115.68,MAX
2024-08-01 18:00:00,104.16,MIN
2024-08-02 12:00:00,118.0,MAX
2024-08-03 01:00:00,105.9,MIN
2024-08-03 14:00:00,116.78,MAX
2024-08-04 03:00:00,102.46,MIN
2024-08-04 09:00:00,112.05,MAX
2024-08-05 06:00:00,76.16,MIN
2024-08-06 02:00:00,104.48,MAX
2024-08-06 11:00:00,97.58,MIN
2024-08-06 14:00:00,107.4,MAX
2024-08-06 19:00:00,99.56,MIN
2024-08-06 22:00:00,107.88,MAX
2024-08-07 22:00:00,96.5,MIN
2024-08-08 03:00:00,103.86,MAX
2024-08-08 09:00:00,95.14,MIN
2024-08-08 22:00:00,102.43,MAX
2024-08-10 19:00:00,92.44,MIN
2024-08-11 09:00:00,96.13,MAX
2024-08-12 00:00:00,90.16,MIN
2024-08-12 11:00:00,97.07,MAX
2024-08-12 14:00:00,91.97,MIN
2024-08-13 05:00:00,98.77,MAX
2024-08-13 14:00:00,93.61,MIN
2024-08-14 11:00:00,104.62,MAX
2024-08-14 14:00:00,99.75,MIN
2024-08-15 16:00:00,112.0,MAX
2024-08-15 20:00:00,105.52,MIN
2024-08-16 07:00:00,111.5,MAX
2024-08-16 12:00:00,107.14,MIN
2024-08-16 13:00:00,112.92,MAX
2024-08-16 16:00:00,105.65,MIN
2024-08-17 09:00:00,116.66,MAX
2024-08-17 12:00:00,109.4,MIN
2024-08-19 07:00:00,114.76,MAX
2024-08-19 14:00:00,107.5,MIN
2024-08-20 06:00:00,129.88,MAX
2024-08-20 17:00:00,123.08,MIN
2024-08-21 07:00:00,142.29,MAX
2024-08-21 14:00:00,133.59,MIN
2024-08-21 18:00:00,143.65,MAX
2024-08-22 11:00:00,133.17,MIN
2024-08-22 22:00:00,136.85,MAX
2024-08-23 03:00:00,132.01,MIN
2024-08-23 12:00:00,139.64,MAX
2024-08-23 14:00:00,134.4,MIN
2024-08-23 20:00:00,148.89,MAX
2024-08-25 07:00:00,133.5,MIN
2024-08-25 17:00:00,139.82,MAX
2024-08-27 08:00:00,127.0,MIN
2024-08-27 09:00:00,131.66,MAX
2024-08-27 22:00:00,117.05,MIN
2024-08-28 09:00:00,128.9,MAX
2024-08-28 16:00:00,121.26,MIN
2024-08-29 17:00:00,128.23,MAX
2024-08-30 02:00:00,120.6,MIN
2024-08-30 13:00:00,127.44,MAX
2024-08-30 16:00:00,118.25,MIN
2024-08-31 08:00:00,134.0,MAX
2024-09-02 07:00:00,117.68,MIN
2024-09-02 23:00:00,135.26,MAX
2024-09-03 16:00:00,120.75,MIN
2024-09-03 20:00:00,130.38,MAX
2024-09-04 01:00:00,116.0,MIN
2024-09-04 16:00:00,138.83,MAX
2024-09-06 21:00:00,119.47,MIN
2024-09-07 13:00:00,130.74,MAX
2024-09-08 16:00:00,123.09,MIN
2024-09-09 18:00:00,142.24,MAX
2024-09-10 07:00:00,136.12,MIN
2024-09-11 07:00:00,159.0,MAX
2024-09-11 14:00:00,144.92,MIN
2024-09-12 04:00:00,151.8,MAX
2024-09-12 17:00:00,141.8,MIN
2024-09-12 19:00:00,149.47,MAX
2024-09-13 14:00:00,139.2,MIN
2024-09-13 22:00:00,145.52,MAX
2024-09-14 11:00:00,137.4,MIN
2024-09-15 15:00:00,149.84,MAX
2024-09-16 02:00:00,137.56,MIN
2024-09-16 08:00:00,143.73,MAX
2024-09-17 01:00:00,136.64,MIN
2024-09-17 15:00:00,147.44,MAX
2024-09-18 15:00:00,134.03,MIN
2024-09-19 16:00:00,153.12,MAX
2024-09-20 01:00:00,147.51,MIN
2024-09-20 06:00:00,158.09,MAX
2024-09-21 04:00:00,149.75,MIN
2024-09-22 03:00:00,161.82,MAX
2024-09-22 22:00:00,154.04,MIN
2024-09-23 03:00:00,185.24,MAX
2024-09-23 06:00:00,168.66,MIN
2024-09-23 20:00:00,178.59,MAX
2024-09-24 14:00:00,163.62,MIN
2024-09-24 21:00:00,169.22,MAX
2024-09-25 00:00:00,164.45,MIN
2024-09-25 04:00:00,173.8,MAX
2024-09-26 00:00:00,162.93,MIN
2024-09-26 10:00:00,170.0,MAX
2024-09-26 21:00:00,163.11,MIN
2024-09-27 06:00:00,168.63,MAX
2024-09-27 10:00:00,163.62,MIN
2024-09-27 22:00:00,174.0,MAX
2024-09-29 07:00:00,158.5,MIN
2024-09-29 20:00:00,163.15,MAX
2024-09-30 16:00:00,154.6,MIN
2024-10-01 07:00:00,164.21,MAX
2024-10-01 17:00:00,143.12,MIN
2024-10-01 18:00:00,151.49,MAX
2024-10-02 13:00:00,137.8,MIN
2024-10-02 16:00:00,146.27,MAX
2024-10-03 09:00:00,134.56,MIN
2024-10-03 12:00:00,146.84,MAX
2024-10-03 15:00:00,136.5,MIN
2024-10-04 06:00:00,152.33,MAX
2024-10-04 14:00:00,145.63,MIN
2024-10-04 19:00:00,152.78,MAX
2024-10-05 21:00:00,145.92,MIN
2024-10-05 22:00:00,149.24,MAX
2024-10-06 06:00:00,146.1,MIN
2024-10-07 01:00:00,154.79,MAX
2024-10-07 11:00:00,145.38,MIN
2024-10-07 14:00:00,152.09,MAX
2024-10-09 13:00:00,139.8,MIN
2024-10-09 15:00:00,144.13,MAX
2024-10-09 21:00:00,138.39,MIN
2024-10-10 16:00:00,145.15,MAX
2024-10-10 18:00:00,136.24,MIN
2024-10-12 22:00:00,157.02,MAX
2024-10-13 15:00:00,150.43,MIN
2024-10-15 04:00:00,165.93,MAX
2024-10-15 15:00:00,152.71,MIN
2024-10-16 12:00:00,159.87,MAX
2024-10-17 19:00:00,150.01,MIN
2024-10-18 02:00:00,158.0,MAX
2024-10-18 12:00:00,153.7,MIN
2024-10-19 00:00:00,159.33,MAX
2024-10-19 11:00:00,155.7,MIN
2024-10-19 14:00:00,159.89,MAX
2024-10-20 06:00:00,155.9,MIN
2024-10-20 14:00:00,160.54,MAX
2024-10-20 17:00:00,156.93,MIN
2024-10-20 22:00:00,160.02,MAX
2024-10-21 16:00:00,151.4,MIN
2024-10-22 06:00:00,155.35,MAX
2024-10-22 13:00:00,149.95,MIN
2024-10-22 22:00:00,153.69,MAX
2024-10-23 18:00:00,143.84,MIN
2024-10-24 02:00:00,153.07,MAX
2024-10-25 07:00:00,143.76,MIN
2024-10-25 14:00:00,149.61,MAX
2024-10-25 23:00:00,131.5,MIN
2024-10-26 06:00:00,141.69,MAX
2024-10-26 14:00:00,138.95,MIN
2024-10-27 04:00:00,144.19,MAX
2024-10-27 09:00:00,141.71,MIN
2024-10-27 16:00:00,146.53,MAX
2024-10-27 19:00:00,144.21,MIN
2024-10-28 12:00:00,153.86,MAX
2024-10-28 17:00:00,148.23,MIN
2024-10-29 02:00:00,155.34,MAX
2024-10-29 15:00:00,150.32,MIN
2024-10-29 17:00:00,154.19,MAX
2024-10-30 01:00:00,148.57,MIN
2024-10-30 15:00:00,158.32,MAX
2024-11-01 02:00:00,140.75,MIN
2024-11-01 14:00:00,147.0,MAX
2024-11-03 18:00:00,128.5,MIN
2024-11-04 03:00:00,134.81,MAX
2024-11-04 08:00:00,128.18,MIN
2024-11-04 13:00:00,132.0,MAX
2024-11-04 21:00:00,125.64,MIN
2024-11-05 04:00:00,133.6,MAX
2024-11-05 14:00:00,129.57,MIN
2024-11-07 02:00:00,191.0,MAX
2024-11-08 15:00:00,176.12,MIN
2024-11-09 07:00:00,195.7,MAX
2024-11-09 09:00:00,187.12,MIN
2024-11-09 23:00:00,199.65,MAX
2024-11-10 21:00:00,181.5,MIN
2024-11-10 22:00:00,193.53,MAX
2024-11-11 14:00:00,184.07,MIN
2024-11-11 23:00:00,195.4,MAX
2024-11-12 00:00:00,184.2,MIN
2024-11-12 02:00:00,197.0,MAX
2024-11-13 06:00:00,168.14,MIN
2024-11-13 14:00:00,188.01,MAX
2024-11-13 21:00:00,167.31,MIN
2024-11-14 06:00:00,177.05,MAX
2024-11-15 05:00:00,150.63,MIN
2024-11-15 09:00:00,164.72,MAX
2024-11-15 15:00:00,153.18,MIN
2024-11-16 12:00:00,175.91,MAX
2024-11-17 02:00:00,160.58,MIN
2024-11-17 07:00:00,172.65,MAX
2024-11-17 23:00:00,159.5,MIN
2024-11-18 07:00:00,171.38,MAX
2024-11-18 13:00:00,161.67,MIN
2024-11-19 00:00:00,173.67,MAX
2024-11-20 03:00:00,156.82,MIN
2024-11-20 09:00:00,168.32,MAX
2024-11-21 02:00:00,151.85,MIN
2024-11-22 05:00:00,171.92,MAX
2024-11-22 19:00:00,161.37,MIN
2024-11-23 15:00:00,184.45,MAX
2024-11-23 20:00:00,170.28,MIN
2024-11-24 06:00:00,183.8,MAX
2024-11-24 12:00:00,160.0,MIN
2024-11-25 16:00:00,190.09,MAX
2024-11-26 11:00:00,165.55,MIN
2024-11-28 00:00:00,211.52,MAX
2024-11-29 07:00:00,194.88,MIN
2024-12-01 00:00:00,214.93,MAX
2024-12-01 20:00:00,202.74,MIN
2024-12-02 03:00:00,217.59,MAX
2024-12-02 04:00:00,205.47,MIN
2024-12-02 07:00:00,216.96,MAX
2024-12-02 08:00:00,204.0,MIN
2024-12-03 12:00:00,243.95,MAX
2024-12-03 14:00:00,221.84,MIN
2024-12-04 20:00:00,273.75,MAX
2024-12-05 05:00:00,241.67,MIN
2024-12-05 14:00:00,267.24,MAX
2024-12-05 22:00:00,240.58,MIN
2024-12-07 05:00:00,297.61,MAX
2024-12-08 09:00:00,274.01,MIN
2024-12-08 12:00:00,285.4,MAX
2024-12-09 09:00:00,260.68,MIN
2024-12-09 14:00:00,280.6,MAX
2024-12-09 21:00:00,220.0,MIN
2024-12-10 11:00:00,288.04,MAX
2024-12-10 18:00:00,250.86,MIN
2024-12-12 12:00:00,388.58,MAX
2024-12-12 20:00:00,358.08,MIN
2024-12-13 04:00:00,390.88,MAX
2024-12-13 17:00:00,352.98,MIN
2024-12-14 00:00:00,396.23,MAX
2024-12-15 12:00:00,354.9,MIN
2024-12-15 17:00:00,379.62,MAX
2024-12-15 21:00:00,357.71,MIN
2024-12-16 20:00:00,399.95,MAX
2024-12-18 00:00:00,356.0,MIN
2024-12-18 12:00:00,380.33,MAX
2024-12-19 02:00:00,321.49,MIN
2024-12-19 11:00:00,350.5,MAX
2024-12-20 12:00:00,271.42,MIN
2024-12-21 07:00:00,343.89,MAX
2024-12-22 05:00:00,290.85,MIN
2024-12-22 12:00:00,312.38,MAX
2024-12-22 14:00:00,294.5,MIN
2024-12-24 00:00:00,390.06,MAX
2024-12-24 10:00:00,365.05,MIN
2024-12-24 15:00:00,381.17,MAX
2024-12-25 03:00:00,364.38,MIN
2024-12-25 08:00:00,385.98,MAX
2024-12-26 21:00:00,330.31,MIN
2024-12-27 01:00:00,350.48,MAX
2024-12-27 07:00:00,332.68,MIN
2024-12-27 09:00:00,352.0,MAX
2024-12-28 06:00:00,319.05,MIN
2024-12-28 22:00:00,362.19,MAX
2024-12-29 22:00:00,326.32,MIN
2024-12-30 02:00:00,344.89,MAX
2024-12-31 06:00:00,308.06,MIN
2024-12-31 14:00:00,328.2,MAX
2024-12-31 17:00:00,305.74,MIN
2025-01-02 17:00:00,339.9,MAX
2025-01-03 08:00:00,317.04,MIN
2025-01-03 16:00:00,356.32,MAX
2025-01-04 10:00:00,339.0,MIN
2025-01-04 13:00:00,361.35,MAX
2025-01-06 01:00:00,335.63,MIN
2025-01-06 05:00:00,349.17,MAX
2025-01-06 08:00:00,336.13,MIN
2025-01-06 16:00:00,355.29,MAX
2025-01-08 17:00:00,275.6,MIN
2025-01-09 01:00:00,299.72,MAX
2025-01-09 14:00:00,273.43,MIN
2025-01-09 16:00:00,292.33,MAX
2025-01-09 20:00:00,273.07,MIN
2025-01-10 07:00:00,300.77,MAX
2025-01-10 15:00:00,277.01,MIN
2025-01-11 21:00:00,293.7,MAX
2025-01-12 09:00:00,284.57,MIN
2025-01-12 15:00:00,295.95,MAX
2025-01-12 22:00:00,284.68,MIN
2025-01-13 00:00:00,296.81,MAX
2025-01-13 12:00:00,256.24,MIN
2025-01-14 23:00:00,301.4,MAX
2025-01-15 11:00:00,285.65,MIN
2025-01-15 20:00:00,323.8,MAX
2025-01-16 08:00:00,304.93,MIN
2025-01-16 12:00:00,320.57,MAX
2025-01-16 22:00:00,307.13,MIN
2025-01-18 00:00:00,341.91,MAX
2025-01-18 10:00:00,306.04,MIN
2025-01-19 02:00:00,326.38,MAX
2025-01-19 11:00:00,292.47,MIN
2025-01-19 18:00:00,348.19,MAX
2025-01-20 01:00:00,296.33,MIN
2025-01-20 08:00:00,365.46,MAX
2025-01-20 17:00:00,319.37,MIN
2025-01-21 20:00:00,378.63,MAX
2025-01-23 13:00:00,330.1,MIN
2025-01-23 14:00:00,346.5,MAX
2025-01-23 21:00:00,324.26,MIN
2025-01-24 12:00:00,357.49,MAX
2025-01-25 10:00:00,328.68,MIN
2025-01-25 15:00:00,337.55,MAX
2025-01-26 02:00:00,324.34,MIN
2025-01-26 04:00:00,336.16,MAX
2025-01-26 10:00:00,324.14,MIN
2025-01-26 20:00:00,334.32,MAX
2025-01-27 07:00:00,287.48,MIN
2025-01-27 21:00:00,310.46,MAX
2025-01-28 22:00:00,280.0,MIN
2025-01-29 08:00:00,301.0,MAX
2025-01-29 19:00:00,283.16,MIN
2025-01-31 16:00:00,349.15,MAX
2025-02-03 02:00:00,191.99,MIN
2025-02-03 22:00:00,285.0,MAX
2025-02-04 07:00:00,248.9,MIN
2025-02-04 19:00:00,274.57,MAX
2025-02-04 21:00:00,251.86,MIN
2025-02-05 11:00:00,283.13,MAX
2025-02-07 06:00:00,238.09,MIN
2025-02-07 14:00:00,262.01,MAX
2025-02-07 22:00:00,230.89,MIN
2025-02-09 03:00:00,252.6,MAX
2025-02-09 21:00:00,229.64,MIN
2025-02-11 05:00:00,262.53,MAX
2025-02-12 14:00:00,231.57,MIN
2025-02-12 22:00:00,260.97,MAX
2025-02-13 08:00:00,246.31,MIN
2025-02-14 19:00:00,269.96,MAX
2025-02-15 20:00:00,249.48,MIN
2025-02-17 02:00:00,260.26,MAX
2025-02-17 05:00:00,249.36,MIN
2025-02-17 15:00:00,278.52,MAX
2025-02-18 08:00:00,248.96,MIN
2025-02-18 12:00:00,260.57,MAX
2025-02-18 17:00:00,241.53,MIN
2025-02-20 14:00:00,262.75,MAX
2025-02-20 16:00:00,253.28,MIN
2025-02-21 13:00:00,268.99,MAX
2025-02-21 21:00:00,238.3,MIN
2025-02-22 16:00:00,251.49,MAX
2025-02-23 04:00:00,244.95,MIN
2025-02-23 08:00:00,254.16,MAX
2025-02-25 07:00:00,189.37,MIN
2025-02-26 11:00:00,211.5,MAX
2025-02-26 14:00:00,198.46,MIN
2025-02-26 15:00:00,208.95,MAX
2025-02-26 20:00:00,192.01,MIN
2025-02-27 10:00:00,210.0,MAX
2025-02-28 08:00:00,178.1,MIN
2025-03-01 04:00:00,195.64,MAX
2025-03-01 13:00:00,183.33,MIN
2025-03-02 10:00:00,197.19,MAX
2025-03-02 14:00:00,190.0,MIN
2025-03-02 23:00:00,226.93,MAX
2025-03-04 02:00:00,167.39,MIN
2025-03-04 14:00:00,197.87,MAX
2025-03-04 16:00:00,181.59,MIN
2025-03-05 10:00:00,226.24,MAX
2025-03-05 16:00:00,211.98,MIN
2025-03-06 02:00:00,239.55,MAX
2025-03-08 09:00:00,185.01,MIN
2025-03-08 21:00:00,199.21,MAX
2025-03-09 22:00:00,176.18,MIN
2025-03-10 09:00:00,201.91,MAX
2025-03-11 01:00:00,166.4,MIN
2025-03-11 07:00:00,184.26,MAX
2025-03-11 14:00:00,167.4,MIN
2025-03-11 18:00:00,185.93,MAX
2025-03-12 05:00:00,169.59,MIN
2025-03-12 12:00:00,181.15,MAX
2025-03-12 15:00:00,163.7,MIN
2025-03-13 02:00:00,176.22,MAX
2025-03-13 08:00:00,168.67,MIN
2025-03-13 12:00:00,176.4,MAX
2025-03-13 21:00:00,160.01,MIN
2025-03-15 04:00:00,177.28,MAX
2025-03-16 02:00:00,169.25,MIN
2025-03-16 08:00:00,173.97,MAX
2025-03-16 23:00:00,163.15,MIN
2025-03-17 19:00:00,177.14,MAX
2025-03-18 17:00:00,164.57,MIN
2025-03-19 23:00:00,184.58,MAX
2025-03-20 10:00:00,172.65,MIN
2025-03-20 14:00:00,179.28,MAX
2025-03-20 16:00:00,171.42,MIN
2025-03-21 01:00:00,183.12,MAX
2025-03-21 13:00:00,173.89,MIN
2025-03-22 09:00:00,183.64,MAX
2025-03-22 16:00:00,179.09,MIN
2025-03-23 13:00:00,186.46,MAX
2025-03-23 17:00:00,181.14,MIN
2025-03-24 08:00:00,194.94,MAX
2025-03-26 03:00:00,182.29,MIN
2025-03-26 12:00:00,190.25,MAX
2025-03-26 19:00:00,175.08,MIN
2025-03-27 10:00:00,186.07,MAX
2025-03-27 13:00:00,179.62,MIN
2025-03-28 01:00:00,186.9,MAX
2025-03-28 16:00:00,168.27,MIN
2025-03-29 08:00:00,180.61,MAX
2025-03-30 17:00:00,161.2,MIN
2025-03-30 19:00:00,167.14,MAX
2025-03-31 10:00:00,151.65,MIN
2025-04-01 10:00:00,169.27,MAX
2025-04-01 14:00:00,162.75,MIN
2025-04-01 15:00:00,171.43,MAX
2025-04-02 13:00:00,155.73,MIN
2025-04-02 20:00:00,168.92,MAX
2025-04-03 13:00:00,146.22,MIN
2025-04-04 09:00:00,153.85,MAX
2025-04-04 11:00:00,144.27,MIN
2025-04-05 11:00:00,155.45,MAX
2025-04-07 06:00:00,114.02,MIN
2025-04-07 14:00:00,136.18,MAX
2025-04-08 08:00:00,129.29,MIN
2025-04-08 13:00:00,135.4,MAX
2025-04-09 01:00:00,119.77,MIN
2025-04-09 21:00:00,145.06,MAX
2025-04-10 16:00:00,128.12,MIN
2025-04-11 21:00:00,139.36,MAX
2025-04-12 04:00:00,133.67,MIN
2025-04-12 22:00:00,150.14,MAX
2025-04-13 15:00:00,139.78,MIN
2025-04-13 17:00:00,146.17,MAX
2025-04-13 21:00:00,136.41,MIN
2025-04-14 11:00:00,147.19,MAX
2025-04-15 00:00:00,136.0,MIN
2025-04-15 13:00:00,142.13,MAX
2025-04-16 17:00:00,129.64,MIN
2025-04-17 07:00:00,140.02,MAX
2025-04-17 14:00:00,134.85,MIN
2025-04-17 18:00:00,141.51,MAX
2025-04-18 15:00:00,137.07,MIN
2025-04-19 04:00:00,140.58,MAX
2025-04-19 12:00:00,138.2,MIN
2025-04-20 04:00:00,143.48,MAX
2025-04-20 11:00:00,136.69,MIN
2025-04-20 20:00:00,143.38,MAX
2025-04-20 22:00:00,139.28,MIN
2025-04-21 08:00:00,145.98,MAX
2025-04-21 19:00:00,138.96,MIN
2025-04-24 02:00:00,170.67,MAX
2025-04-24 08:00:00,158.27,MIN
2025-04-25 01:00:00,170.01,MAX
2025-04-25 13:00:00,162.79,MIN
2025-04-26 08:00:00,172.97,MAX
2025-04-26 13:00:00,164.32,MIN
2025-04-27 00:00:00,179.28,MAX
2025-04-27 16:00:00,165.3,MIN
2025-04-27 20:00:00,171.19,MAX
2025-04-28 01:00:00,161.5,MIN
2025-04-28 07:00:00,174.81,MAX
2025-04-28 16:00:00,163.07,MIN
2025-04-29 10:00:00,171.19,MAX
2025-04-30 13:00:00,155.34,MIN
2025-05-01 15:00:00,179.23,MAX
2025-05-02 12:00:00,171.79,MIN
2025-05-02 16:00:00,179.1,MAX
2025-05-03 17:00:00,169.38,MIN
2025-05-03 21:00:00,181.05,MAX
2025-05-05 02:00:00,169.53,MIN
2025-05-05 08:00:00,180.71,MAX
2025-05-05 13:00:00,173.32,MIN
2025-05-05 22:00:00,181.01,MAX
2025-05-06 13:00:00,163.08,MIN
2025-05-07 00:00:00,179.96,MAX
2025-05-07 18:00:00,167.33,MIN
2025-05-09 08:00:00,220.56,MAX
2025-05-09 14:00:00,204.1,MIN
2025-05-11 00:00:00,230.41,MAX
2025-05-11 16:00:00,213.76,MIN
2025-05-12 07:00:00,229.56,MAX
2025-05-13 04:00:00,210.28,MIN
2025-05-14 01:00:00,239.14,MAX
2025-05-14 17:00:00,223.78,MIN
2025-05-15 00:00:00,232.86,MAX
2025-05-15 14:00:00,216.58,MIN
2025-05-15 17:00:00,235.27,MAX
2025-05-15 23:00:00,219.06,MIN
2025-05-16 11:00:00,245.08,MAX
2025-05-17 22:00:00,219.62,MIN
2025-05-18 16:00:00,244.0,MAX
2025-05-18 20:00:00,218.32,MIN
2025-05-19 00:00:00,234.53,MAX
2025-05-19 06:00:00,211.8,MIN
2025-05-20 05:00:00,270.49,MAX
2025-05-21 13:00:00,250.73,MIN
2025-05-21 16:00:00,260.49,MAX
2025-05-21 19:00:00,243.08,MIN
2025-05-23 02:00:00,264.09,MAX
2025-05-23 12:00:00,239.1,MIN
2025-05-24 17:00:00,276.86,MAX
2025-05-25 02:00:00,256.23,MIN
2025-05-26 01:00:00,276.16,MAX
2025-05-26 14:00:00,259.08,MIN
2025-05-27 13:00:00,282.84,MAX
2025-05-28 22:00:00,260.18,MIN
2025-05-29 03:00:00,274.27,MAX
2025-05-30 00:00:00,240.02,MIN
2025-05-30 05:00:00,253.99,MAX
2025-05-30 16:00:00,239.8,MIN
2025-05-30 20:00:00,256.24,MAX
2025-05-31 01:00:00,242.0,MIN
2025-05-31 21:00:00,254.33,MAX
2025-06-01 02:00:00,237.43,MIN
2025-06-01 16:00:00,254.44,MAX
2025-06-02 09:00:00,239.04,MIN
2025-06-03 15:00:00,272.95,MAX
2025-06-04 00:00:00,262.68,MIN
2025-06-04 15:00:00,275.82,MAX
2025-06-05 10:00:00,259.51,MIN
2025-06-05 12:00:00,266.82,MAX
2025-06-06 00:00:00,239.64,MIN
2025-06-07 20:00:00,260.44,MAX
2025-06-08 14:00:00,252.04,MIN
2025-06-08 17:00:00,257.16,MAX
2025-06-09 03:00:00,250.18,MIN
2025-06-10 11:00:00,317.84,MAX
2025-06-10 15:00:00,300.16,MIN
2025-06-11 12:00:00,325.43,MAX
2025-06-12 12:00:00,292.04,MIN
2025-06-12 17:00:00,309.08,MAX
2025-06-13 02:00:00,262.51,MIN
2025-06-13 23:00:00,291.3,MAX
2025-06-14 18:00:00,268.0,MIN
2025-06-14 23:00:00,278.71,MAX
2025-06-15 09:00:00,270.3,MIN
2025-06-15 13:00:00,278.82,MAX
2025-06-15 20:00:00,266.29,MIN
2025-06-16 14:00:00,293.72,MAX
2025-06-17 17:00:00,261.99,MIN
2025-06-17 19:00:00,273.63,MAX
2025-06-18 13:00:00,255.21,MIN
2025-06-19 10:00:00,266.31,MAX
2025-06-19 14:00:00,248.67,MIN
2025-06-20 13:00:00,264.34,MAX
2025-06-20 17:00:00,241.88,MIN
2025-06-21 12:00:00,249.77,MAX
2025-06-22 20:00:00,212.82,MIN
2025-06-23 14:00:00,236.26,MAX
2025-06-23 16:00:00,221.61,MIN
2025-06-25 02:00:00,270.87,MAX
2025-06-25 23:00:00,254.19,MIN
2025-06-26 03:00:00,265.4,MAX
2025-06-27 01:00:00,248.53,MIN
2025-06-27 16:00:00,266.56,MAX
2025-06-27 18:00:00,252.92,MIN
2025-06-28 23:00:00,261.8,MAX
2025-06-29 05:00:00,256.26,MIN
2025-06-30 01:00:00,280.84,MAX
2025-06-30 12:00:00,268.35,MIN
2025-06-30 20:00:00,284.82,MAX
2025-07-02 01:00:00,257.02,MIN
2025-07-02 17:00:00,283.41,MAX
2025-07-03 04:00:00,272.72,MIN
2025-07-03 13:00:00,285.54,MAX
2025-07-04 16:00:00,258.38,MIN
2025-07-05 11:00:00,275.53,MAX
2025-07-05 18:00:00,267.11,MIN
2025-07-05 23:00:00,276.58,MAX
2025-07-06 09:00:00,269.69,MIN
2025-07-06 22:00:00,291.71,MAX
2025-07-08 02:00:00,277.31,MIN
2025-07-09 22:00:00,306.59,MAX
2025-07-10 14:00:00,292.15,MIN
2025-07-10 21:00:00,315.95,MAX
2025-07-11 00:00:00,302.75,MIN
2025-07-11 09:00:00,318.09,MAX
2025-07-12 00:00:00,292.51,MIN
2025-07-12 09:00:00,306.79,MAX
2025-07-12 15:00:00,292.68,MIN
2025-07-13 14:00:00,317.7,MAX
2025-07-13 21:00:00,303.2,MIN
2025-07-14 10:00:00,331.73,MAX
2025-07-15 03:00:00,305.52,MIN
2025-07-16 07:00:00,335.14,MAX
2025-07-17 03:00:00,316.25,MIN
2025-07-17 09:00:00,331.85,MAX
2025-07-17 20:00:00,312.26,MIN
2025-07-18 07:00:00,338.15,MAX
2025-07-18 20:00:00,311.25,MIN
2025-07-20 16:00:00,335.42,MAX
2025-07-21 00:00:00,318.61,MIN
2025-07-21 15:00:00,334.89,MAX
2025-07-22 19:00:00,300.04,MIN
2025-07-23 00:00:00,311.78,MAX
2025-07-23 21:00:00,282.0,MIN
2025-07-24 03:00:00,293.72,MAX
2025-07-24 06:00:00,276.03,MIN
2025-07-24 21:00:00,295.4,MAX
2025-07-25 03:00:00,279.95,MIN
2025-07-26 05:00:00,299.65,MAX
2025-07-26 18:00:00,292.98,MIN
2025-07-28 05:00:00,308.92,MAX
2025-07-29 02:00:00,284.14,MIN
2025-07-29 08:00:00,295.5,MAX
2025-07-30 19:00:00,263.58,MIN
2025-07-31 02:00:00,280.14,MAX
2025-08-01 08:00:00,252.34,MIN
2025-08-01 12:00:00,261.91,MAX
2025-08-01 22:00:00,248.97,MIN
2025-08-02 13:00:00,256.29,MAX
2025-08-02 18:00:00,244.81,MIN
2025-08-04 17:00:00,271.03,MAX
2025-08-05 08:00:00,256.15,MIN
2025-08-05 10:00:00,263.65,MAX
2025-08-05 22:00:00,250.35,MIN
2025-08-07 13:00:00,275.74,MAX
2025-08-07 16:00:00,269.31,MIN
2025-08-10 01:00:00,311.45,MAX
2025-08-10 08:00:00,297.87,MIN
2025-08-11 04:00:00,312.79,MAX
2025-08-11 22:00:00,290.9,MIN
2025-08-12 02:00:00,303.83,MAX
2025-08-12 11:00:00,292.17,MIN
2025-08-13 13:00:00,335.0,MAX
2025-08-13 15:00:00,320.01,MIN
2025-08-14 04:00:00,340.48,MAX
2025-08-14 21:00:00,303.51,MIN
2025-08-15 04:00:00,317.61,MAX
2025-08-16 12:00:00,290.04,MIN
2025-08-17 16:00:00,310.59,MAX
2025-08-19 04:00:00,279.7,MIN
2025-08-19 11:00:00,289.38,MAX
2025-08-19 19:00:00,275.67,MIN
2025-08-21 14:00:00,304.99,MAX
2025-08-21 17:00:00,293.65,MIN
2025-08-22 08:00:00,308.31,MAX
2025-08-22 12:00:00,294.0,MIN
2025-08-23 06:00:00,355.99,MAX
2025-08-23 08:00:00,339.78,MIN
2025-08-23 14:00:00,386.24,MAX
2025-08-24 11:00:00,344.96,MIN
2025-08-24 19:00:00,360.67,MAX
2025-08-25 22:00:00,310.14,MIN
2025-08-26 12:00:00,338.91,MAX
2025-08-28 00:00:00,318.72,MIN
2025-08-28 08:00:00,328.74,MAX
2025-08-29 09:00:00,303.92,MIN
2025-08-29 12:00:00,317.36,MAX
2025-08-29 14:00:00,305.25,MIN
2025-08-29 23:00:00,321.42,MAX
2025-08-30 02:00:00,310.34,MIN
2025-08-31 04:00:00,324.98,MAX
2025-09-01 05:00:00,308.43,MIN
2025-09-01 09:00:00,319.4,MAX
2025-09-01 21:00:00,298.94,MIN
2025-09-02 06:00:00,317.13,MAX
2025-09-02 13:00:00,304.76,MIN
2025-09-04 00:00:00,331.66,MAX
2025-09-05 01:00:00,305.41,MIN
2025-09-05 12:00:00,313.57,MAX
2025-09-06 19:00:00,297.21,MIN
2025-09-07 08:00:00,303.43,MAX
2025-09-07 18:00:00,297.76,MIN
2025-09-07 23:00:00,304.0,MAX
2025-09-08 05:00:00,298.3,MIN
2025-09-08 16:00:00,307.97,MAX
2025-09-09 02:00:00,298.5,MIN
2025-09-09 10:00:00,309.94,MAX
2025-09-09 15:00:00,294.65,MIN
2025-09-10 14:00:00,306.44,MAX
2025-09-10 19:00:00,297.45,MIN
2025-09-11 06:00:00,308.82,MAX
2025-09-11 12:00:00,300.15,MIN
2025-09-12 06:00:00,315.74,MAX
2025-09-12 09:00:00,308.47,MIN
2025-09-12 22:00:00,321.61,MAX
2025-09-13 06:00:00,314.88,MIN
2025-09-13 13:00:00,321.29,MAX
2025-09-14 15:00:00,302.0,MIN
2025-09-15 05:00:00,310.09,MAX
2025-09-16 04:00:00,293.02,MIN
2025-09-16 09:00:00,298.12,MAX
2025-09-16 14:00:00,289.35,MIN
2025-09-16 21:00:00,301.75,MAX
2025-09-17 18:00:00,290.5,MIN
2025-09-18 17:00:00,312.81,MAX
2025-09-20 14:00:00,294.54,MIN
2025-09-20 15:00:00,299.56,MAX
2025-09-21 09:00:00,292.97,MIN
2025-09-21 14:00:00,297.64,MAX
2025-09-21 17:00:00,292.6,MIN
2025-09-21 18:00:00,298.87,MAX
2025-09-22 06:00:00,241.76,MIN
2025-09-23 00:00:00,271.1,MAX
2025-09-23 03:00:00,262.97,MIN
2025-09-23 16:00:00,280.27,MAX
2025-09-24 04:00:00,268.16,MIN
2025-09-24 14:00:00,281.17,MAX
2025-09-25 18:00:00,255.6,MIN
2025-09-26 03:00:00,267.28,MAX
2025-09-26 11:00:00,256.17,MIN
2025-09-26 18:00:00,272.58,MAX
2025-09-28 12:00:00,260.86,MIN
2025-09-28 22:00:00,277.0,MAX
2025-09-29 13:00:00,268.32,MIN
2025-09-29 21:00:00,280.28,MAX
2025-09-30 16:00:00,266.02,MIN
2025-09-30 21:00:00,279.06,MAX
2025-10-01 04:00:00,269.64,MIN
2025-10-02 02:00:00,289.08,MAX
2025-10-02 15:00:00,278.53,MIN
2025-10-02 19:00:00,294.24,MAX
2025-10-03 11:00:00,283.68,MIN
2025-10-03 16:00:00,299.59,MAX
2025-10-04 15:00:00,279.79,MIN
2025-10-05 08:00:00,296.1,MAX
2025-10-06 00:00:00,282.69,MIN
2025-10-06 20:00:00,301.75,MAX
2025-10-08 04:00:00,274.4,MIN
2025-10-08 22:00:00,287.19,MAX
2025-10-09 16:00:00,268.41,MIN
2025-10-10 13:00:00,279.52,MAX
2025-10-10 21:00:00,80.01,MIN
2025-10-11 12:00:00,244.28,MAX
2025-10-11 21:00:00,222.83,MIN
2025-10-12 19:00:00,256.14,MAX
2025-10-13 11:00:00,243.92,MIN
2025-10-14 01:00:00,263.36,MAX
2025-10-14 13:00:00,237.96,MIN
2025-10-15 08:00:00,262.53,MAX
2025-10-16 09:00:00,232.0,MIN
2025-10-16 12:00:00,246.21,MAX
2025-10-17 14:00:00,200.03,MIN
2025-10-19 14:00:00,226.36,MAX
2025-10-20 00:00:00,217.72,MIN
2025-10-20 08:00:00,235.76,MAX
2025-10-21 05:00:00,217.91,MIN
2025-10-21 16:00:00,236.69,MAX
2025-10-22 11:00:00,213.08,MIN
2025-10-22 15:00:00,224.79,MAX
2025-10-22 21:00:00,207.89,MIN
2025-10-23 17:00:00,228.28,MAX
2025-10-23 20:00:00,220.92,MIN
2025-10-24 05:00:00,235.0,MAX
2025-10-24 11:00:00,227.73,MIN
2025-10-24 12:00:00,237.08,MAX
2025-10-24 16:00:00,224.37,MIN
2025-10-25 09:00:00,228.83,MAX
2025-10-26 03:00:00,223.33,MIN
2025-10-27 05:00:00,248.93,MAX
2025-10-28 21:00:00,224.32,MIN
2025-10-29 13:00:00,232.34,MAX
2025-10-29 15:00:00,225.82,MIN
2025-10-29 17:00:00,233.29,MAX
2025-10-29 18:00:00,221.66,MIN
2025-10-29 20:00:00,235.3,MAX
2025-10-30 04:00:00,219.15,MIN
2025-10-30 08:00:00,230.1,MAX
2025-10-30 20:00:00,207.27,MIN
2025-10-31 15:00:00,221.0,MAX
2025-10-31 17:00:00,212.2,MIN
2025-10-31 20:00:00,235.66,MAX
2025-11-01 21:00:00,221.25,MIN
2025-11-02 07:00:00,226.61,MAX
2025-11-02 14:00:00,218.16,MIN
2025-11-02 16:00:00,237.08,MAX
2025-11-04 07:00:00,192.31,MIN
2025-11-04 15:00:00,204.16,MAX
2025-11-04 21:00:00,176.46,MIN
2025-11-05 18:00:00,205.37,MAX
2025-11-06 01:00:00,198.66,MIN
2025-11-06 04:00:00,205.89,MAX
2025-11-06 16:00:00,192.65,MIN
2025-11-07 08:00:00,203.04,MAX
2025-11-07 14:00:00,189.76,MIN
2025-11-07 21:00:00,212.64,MAX
2025-11-09 03:00:00,196.52,MIN
2025-11-10 13:00:00,225.55,MAX
2025-11-10 16:00:00,216.07,MIN
2025-11-11 01:00:00,232.15,MAX
2025-11-11 23:00:00,206.83,MIN
2025-11-12 13:00:00,219.41,MAX
2025-11-12 19:00:00,202.76,MIN
2025-11-13 06:00:00,216.71,MAX
2025-11-13 20:00:00,190.51,MIN
2025-11-13 23:00:00,202.09,MAX
2025-11-14 23:00:00,172.73,MIN
2025-11-15 17:00:00,182.71,MAX
2025-11-16 01:00:00,175.22,MIN
2025-11-16 10:00:00,182.11,MAX
2025-11-16 17:00:00,167.67,MIN
2025-11-17 13:00:00,182.57,MAX
2025-11-17 20:00:00,164.74,MIN
2025-11-18 16:00:00,179.79,MAX
2025-11-19 05:00:00,170.06,MIN
2025-11-19 10:00:00,176.94,MAX
2025-11-19 17:00:00,163.4,MIN
2025-11-20 13:00:00,179.61,MAX
2025-11-21 07:00:00,145.0,MIN
2025-11-23 21:00:00,171.45,MAX
2025-11-24 00:00:00,165.42,MIN
2025-11-24 05:00:00,174.12,MAX
2025-11-24 14:00:00,167.05,MIN
2025-11-25 05:00:00,180.71,MAX
2025-11-25 14:00:00,173.95,MIN
2025-11-25 23:00:00,181.33,MAX
2025-11-26 12:00:00,174.63,MIN
2025-11-26 18:00:00,188.7,MAX
2025-11-27 10:00:00,181.84,MIN
2025-11-27 21:00:00,187.9,MAX
2025-11-28 02:00:00,182.44,MIN
2025-11-28 08:00:00,189.42,MAX
2025-11-28 17:00:00,182.12,MIN
2025-11-29 05:00:00,186.56,MAX
2025-11-29 18:00:00,180.78,MIN
2025-11-30 04:00:00,190.81,MAX
2025-12-01 15:00:00,162.19,MIN
2025-12-02 01:00:00,173.24,MAX
2025-12-02 08:00:00,167.13,MIN
2025-12-03 23:00:00,200.51,MAX
2025-12-04 19:00:00,187.29,MIN
2025-12-05 03:00:00,193.48,MAX
2025-12-05 13:00:00,187.08,MIN
2025-12-05 15:00:00,192.98,MAX
2025-12-05 19:00:00,181.19,MIN
2025-12-06 16:00:00,191.42,MAX
2025-12-06 23:00:00,186.32,MIN
2025-12-07 08:00:00,190.31,MAX
2025-12-07 15:00:00,181.77,MIN
2025-12-07 19:00:00,194.94,MAX
2025-12-07 22:00:00,184.26,MIN
2025-12-08 14:00:00,199.98,MAX
2025-12-09 10:00:00,187.09,MIN
2025-12-09 17:00:00,206.28,MAX
2025-12-10 11:00:00,196.09,MIN
2025-12-10 20:00:00,207.05,MAX
2025-12-11 04:00:00,186.85,MIN
2025-12-12 03:00:00,206.8,MAX
2025-12-12 16:00:00,189.16,MIN
2025-12-13 10:00:00,202.61,MAX
2025-12-14 23:00:00,184.95,MIN
2025-12-15 06:00:00,196.65,MAX
2025-12-15 18:00:00,179.06,MIN
2025-12-15 23:00:00,195.47,MAX
2025-12-16 04:00:00,183.21,MIN
2025-12-16 13:00:00,191.16,MAX
2025-12-17 14:00:00,181.7,MIN
2025-12-17 15:00:00,192.69,MAX
2025-12-18 06:00:00,175.81,MIN
2025-12-18 15:00:00,185.17,MAX
2025-12-18 19:00:00,169.36,MIN
2025-12-19 20:00:00,187.47,MAX
2025-12-21 02:00:00,176.66,MIN
2025-12-21 09:00:00,179.96,MAX
2025-12-21 22:00:00,156.12,MIN
2025-12-21 23:00:00,166.54,MAX
2025-12-23 12:00:00,147.56,MIN
2025-12-23 20:00:00,152.42,MAX
2025-12-24 08:00:00,146.33,MIN
2025-12-25 16:00:00,154.49,MAX
2025-12-25 23:00:00,148.07,MIN
2025-12-26 13:00:00,157.27,MAX
2025-12-26 15:00:00,151.72,MIN
2025-12-27 22:00:00,157.61,MAX
2025-12-28 21:00:00,152.52,MIN
2025-12-29 04:00:00,159.16,MAX
2025-12-29 20:00:00,148.53,MIN
2025-12-30 08:00:00,152.54,MAX
2025-12-31 16:00:00,142.57,MIN
2025-12-31 21:00:00,147.13,MAX
2026-01-01 13:00:00,144.96,MIN
2026-01-03 06:00:00,167.8,MAX
2026-01-03 12:00:00,157.74,MIN
2026-01-04 04:00:00,164.84,MAX
2026-01-04 08:00:00,160.61,MIN
2026-01-04 15:00:00,166.11,MAX
2026-01-04 19:00:00,161.75,MIN
2026-01-05 01:00:00,167.77,MAX
2026-01-05 06:00:00,161.51,MIN
2026-01-06 14:00:00,176.87,MAX
2026-01-06 18:00:00,167.59,MIN
2026-01-06 23:00:00,176.72,MAX
2026-01-08 14:00:00,161.06,MIN
2026-01-08 17:00:00,167.37,MAX
2026-01-09 08:00:00,162.55,MIN
2026-01-09 16:00:00,170.35,MAX
2026-01-10 06:00:00,163.29,MIN
2026-01-10 13:00:00,167.21,MAX
2026-01-10 22:00:00,163.73,MIN
2026-01-11 18:00:00,171.63,MAX
2026-01-11 23:00:00,165.23,MIN
2026-01-12 03:00:00,171.48,MAX
2026-01-12 14:00:00,160.73,MIN
2026-01-13 22:00:00,180.1,MAX
2026-01-14 13:00:00,174.0,MIN
2026-01-14 19:00:00,180.38,MAX
2026-01-15 03:00:00,172.02,MIN
2026-01-15 09:00:00,178.4,MAX
2026-01-15 20:00:00,168.93,MIN
2026-01-16 08:00:00,174.19,MAX
2026-01-16 15:00:00,168.22,MIN
2026-01-17 02:00:00,177.32,MAX
2026-01-18 01:00:00,171.79,MIN
2026-01-18 18:00:00,177.23,MAX
2026-01-19 00:00:00,156.51,MIN
2026-01-19 20:00:00,166.1,MAX
2026-01-20 22:00:00,151.38,MIN
2026-01-21 06:00:00,158.17,MAX
2026-01-21 12:00:00,153.75,MIN
2026-01-21 15:00:00,160.38,MAX
2026-01-21 17:00:00,151.82,MIN
2026-01-21 22:00:00,163.43,MAX
2026-01-22 15:00:00,155.03,MIN
2026-01-23 04:00:00,159.58,MAX
2026-01-23 14:00:00,154.69,MIN
2026-01-23 17:00:00,161.34,MAX
2026-01-23 20:00:00,155.38,MIN
2026-01-24 07:00:00,158.04,MAX
2026-01-25 19:00:00,145.4,MIN
2026-01-27 14:00:00,156.32,MAX
2026-01-27 15:00:00,153.25,MIN
2026-01-27 16:00:00,157.83,MAX
2026-01-27 17:00:00,152.79,MIN
2026-01-28 12:00:00,163.82,MAX
2026-01-30 18:00:00,135.36,MIN
2026-01-30 19:00:00,141.78,MAX
2026-01-31 14:00:00,126.83,MIN
2026-01-31 15:00:00,133.26,MAX
2026-01-31 18:00:00,115.55,MIN
2026-02-01 00:00:00,130.4,MAX
2026-02-02 03:00:00,120.32,MIN
2026-02-02 15:00:00,130.94,MAX
2026-02-03 03:00:00,125.54,MIN
2026-02-03 15:00:00,129.33,MAX
2026-02-03 19:00:00,120.79,MIN
2026-02-03 20:00:00,130.96,MAX
2026-02-04 18:00:00,119.42,MIN
2026-02-04 19:00:00,125.48,MAX
2026-02-06 00:00:00,91.85,MIN
2026-02-07 05:00:00,116.34,MAX
2026-02-07 10:00:00,110.07,MIN
2026-02-07 16:00:00,115.73,MAX
2026-02-08 07:00:00,112.01,MIN
2026-02-08 11:00:00,115.06,MAX
2026-02-08 16:00:00,110.9,MIN
2026-02-08 23:00:00,115.18,MAX
2026-02-09 10:00:00,108.85,MIN
2026-02-09 18:00:00,115.09,MAX
2026-02-11 10:00:00,104.61,MIN
2026-02-11 14:00:00,113.9,MAX
2026-02-11 15:00:00,104.71,MIN
2026-02-12 11:00:00,110.63,MAX
2026-02-12 16:00:00,105.53,MIN
2026-02-12 19:00:00,115.13,MAX
2026-02-12 20:00:00,109.09,MIN
2026-02-12 23:00:00,115.53,MAX
2026-02-13 11:00:00,111.41,MIN
2026-02-15 06:00:00,131.88,MAX
2026-02-15 20:00:00,122.48,MIN
2026-02-16 13:00:00,129.18,MAX
2026-02-16 15:00:00,123.09,MIN
2026-02-17 02:00:00,127.74,MAX
2026-02-17 05:00:00,123.6,MIN
2026-02-17 16:00:00,130.75,MAX
2026-02-18 01:00:00,124.69,MIN
2026-02-18 08:00:00,129.42,MAX
2026-02-18 20:00:00,120.66,MIN
2026-02-19 06:00:00,124.57,MAX
2026-02-19 13:00:00,119.88,MIN
2026-02-20 00:00:00,126.85,MAX
2026-02-20 04:00:00,122.48,MIN
2026-02-20 10:00:00,126.5,MAX
2026-02-20 14:00:00,114.35,MIN
2026-02-20 15:00:00,119.92,MAX
2026-02-21 04:00:00,115.77,MIN
2026-02-21 14:00:00,124.87,MAX
2026-02-23 03:00:00,111.2,MIN
2026-02-23 12:00:00,119.75,MAX
2026-02-24 14:00:00,111.43,MIN
2026-02-24 16:00:00,116.43,MAX
2026-02-24 22:00:00,112.92,MIN
2026-02-25 21:00:00,124.26,MAX
2026-02-26 18:00:00,110.65,MIN
2026-02-27 09:00:00,121.53,MAX
2026-02-28 10:00:00,104.64,MIN
2026-03-01 02:00:00,118.67,MAX
2026-03-01 20:00:00,110.53,MIN
2026-03-02 16:00:00,126.96,MAX
2026-03-03 21:00:00,107.79,MIN
2026-03-04 16:00:00,118.89,MAX
2026-03-05 08:00:00,113.98,MIN
2026-03-05 14:00:00,119.0,MAX
2026-03-05 16:00:00,113.87,MIN
2026-03-05 19:00:00,119.86,MAX
2026-03-08 04:00:00,106.63,MIN
2026-03-08 10:00:00,109.52,MAX
2026-03-08 22:00:00,103.61,MIN
2026-03-09 05:00:00,109.05,MAX
2026-03-09 11:00:00,104.82,MIN
2026-03-10 17:00:00,114.75,MAX
2026-03-11 07:00:00,108.82,MIN
2026-03-11 13:00:00,113.94,MAX
2026-03-12 05:00:00,107.43,MIN
2026-03-12 10:00:00,111.05,MAX
2026-03-12 14:00:00,106.89,MIN
2026-03-13 13:00:00,119.08,MAX
2026-03-14 12:00:00,109.75,MIN
2026-03-16 22:00:00,124.82,MAX
2026-03-18 00:00:00,118.8,MIN
2026-03-18 05:00:00,122.1,MAX
2026-03-18 15:00:00,112.5,MIN
2026-03-19 03:00:00,119.08,MAX
2026-03-19 17:00:00,110.6,MIN
2026-03-20 08:00:00,113.3,MAX
2026-03-20 15:00:00,108.38,MIN
2026-03-20 22:00:00,112.59,MAX
2026-03-22 00:00:00,106.77,MIN
2026-03-22 04:00:00,110.14,MAX
2026-03-22 21:00:00,104.89,MIN
2026-03-23 05:00:00,108.16,MAX
2026-03-23 09:00:00,104.56,MIN
2026-03-23 11:00:00,112.21,MAX
2026-03-24 17:00:00,107.87,MIN
2026-03-25 12:00:00,116.43,MAX
2026-03-26 20:00:00,103.91,MIN
2026-03-27 02:00:00,106.69,MAX
2026-03-29 22:00:00,92.59,MIN
2026-03-30 13:00:00,99.93,MAX
2026-03-30 19:00:00,96.06,MIN
2026-03-31 01:00:00,99.29,MAX
2026-03-31 09:00:00,95.33,MIN
2026-04-01 07:00:00,100.92,MAX
2026-04-02 13:00:00,92.27,MIN
2026-04-03 12:00:00,96.14,MAX
